Zile,Transport($),Hotel($),Makeup($),Mancare & Bauturi($),Chirie($),Total($)
30,1.32779e+06,956364,339539,344173,63636.4,3.0315e+06
45,1.99169e+06,1.43455e+06,509308,516259,95671,4.54747e+06
60,2.65558e+06,1.91273e+06,679078,688345,127273,6.06301e+06
100,4.42597e+06,3.18788e+06,1.1318e+06,1.14724e+06,212121,1.0105e+07
